tour_id,group,tour_name,item_id,item_name,variant,price,image_url
FRESHEST_2026,ICEx,ICEx Fourth Concert Tour 2026 ''FRESHest!!'',photo_set_vol30,PHOTO SET vol.30,,1000,https://icex.jp/s3/skiyaki/uploads/ckeditor/pictures/861324/content_ICEx_%E7%94%9F%E5%86%99%E7%9C%9F%E3%82%BB%E3%83%83%E3%83%88_vol.30%E4%B8%80%E8%A6%A7.jpg
FRESHEST_2026,ICEx,ICEx Fourth Concert Tour 2026 ''FRESHest!!'',photo_set_vol31,PHOTO SET vol.31,,1000,https://icex.jp/s3/skiyaki/uploads/ckeditor/pictures/861325/content_ICEx_%E7%94%9F%E5%86%99%E7%9C%9F%E3%82%BB%E3%83%83%E3%83%88_vol.31%E4%B8%80%E8%A6%A7.jpg
FRESHEST_2026,ICEx,ICEx Fourth Concert Tour 2026 ''FRESHest!!'',freshest_tshirt,FRESHest!! Tシャツ,M,3800,
FRESHEST_2026,ICEx,ICEx Fourth Concert Tour 2026 ''FRESHest!!'',freshest_tshirt,FRESHest!! Tシャツ,L,3800,
FRESHEST_2026,ICEx,ICEx Fourth Concert Tour 2026 ''FRESHest!!'',freshest_face_towel,FRESHest!! フェイスタオル,志賀李玖,2500,
FRESHEST_2026,ICEx,ICEx Fourth Concert Tour 2026 ''FRESHest!!'',freshest_face_towel,FRESHest!! フェイスタオル,中村旺太郎,2500,
FRESHEST_2026,ICEx,ICEx Fourth Concert Tour 2026 ''FRESHest!!'',freshest_face_towel,FRESHest!! フェイスタオル,阿久根温世,2500,
FRESHEST_2026,ICEx,ICEx Fourth Concert Tour 2026 ''FRESHest!!'',freshest_face_towel,FRESHest!! フェイスタオル,千田波空斗,2500,
FRESHEST_2026,ICEx,ICEx Fourth Concert Tour 2026 ''FRESHest!!'',freshest_face_towel,FRESHest!! フェイスタオル,筒井俊旭,2500,
FRESHEST_2026,ICEx,ICEx Fourth Concert Tour 2026 ''FRESHest!!'',freshest_face_towel,FRESHest!! フェイスタオル,山本龍人,2500,
FRESHEST_2026,ICEx,ICEx Fourth Concert Tour 2026 ''FRESHest!!'',freshest_face_towel,FRESHest!! フェイスタオル,竹野世梛,2500,
FRESHEST_2026,ICEx,ICEx Fourth Concert Tour 2026 ''FRESHest!!'',freshest_face_towel,FRESHest!! フェイスタオル,八神遼介,2500,
FRESHEST_2026,ICEx,ICEx Fourth Concert Tour 2026 ''FRESHest!!'',freshest_uchiwa,FRESHest!! うちわ,志賀李玖,1000,
FRESHEST_2026,ICEx,ICEx Fourth Concert Tour 2026 ''FRESHest!!'',freshest_uchiwa,FRESHest!! うちわ,中村旺太郎,1000,
FRESHEST_2026,ICEx,ICEx Fourth Concert Tour 2026 ''FRESHest!!'',freshest_uchiwa,FRESHest!! うちわ,阿久根温世,1000,
FRESHEST_2026,ICEx,ICEx Fourth Concert Tour 2026 ''FRESHest!!'',freshest_uchiwa,FRESHest!! うちわ,千田波空斗,1000,
FRESHEST_2026,ICEx,ICEx Fourth Concert Tour 2026 ''FRESHest!!'',freshest_uchiwa,FRESHest!! うちわ,筒井俊旭,1000,
FRESHEST_2026,ICEx,ICEx Fourth Concert Tour 2026 ''FRESHest!!'',freshest_uchiwa,FRESHest!! うちわ,山本龍人,1000,
FRESHEST_2026,ICEx,ICEx Fourth Concert Tour 2026 ''FRESHest!!'',freshest_uchiwa,FRESHest!! うちわ,竹野世梛,1000,
FRESHEST_2026,ICEx,ICEx Fourth Concert Tour 2026 ''FRESHest!!'',freshest_uchiwa,FRESHest!! うちわ,八神遼介,1000,
FRESHEST_2026,ICEx,ICEx Fourth Concert Tour 2026 ''FRESHest!!'',freshest_mesh_tote,FRESHest!! メッシュトート,,3500,
FRESHEST_2026,ICEx,ICEx Fourth Concert Tour 2026 ''FRESHest!!'',freshest_sticker_book,FRESHest!! シール帳,,3300,
FRESHEST_2026,ICEx,ICEx Fourth Concert Tour 2026 ''FRESHest!!'',freshest_card_case,FRESHest!! トレカケース,志賀李玖,2000,
FRESHEST_2026,ICEx,ICEx Fourth Concert Tour 2026 ''FRESHest!!'',freshest_card_case,FRESHest!! トレカケース,中村旺太郎,2000,
FRESHEST_2026,ICEx,ICEx Fourth Concert Tour 2026 ''FRESHest!!'',freshest_card_case,FRESHest!! トレカケース,阿久根温世,2000,
FRESHEST_2026,ICEx,ICEx Fourth Concert Tour 2026 ''FRESHest!!'',freshest_card_case,FRESHest!! トレカケース,千田波空斗,2000,
FRESHEST_2026,ICEx,ICEx Fourth Concert Tour 2026 ''FRESHest!!'',freshest_card_case,FRESHest!! トレカケース,筒井俊旭,2000,
FRESHEST_2026,ICEx,ICEx Fourth Concert Tour 2026 ''FRESHest!!'',freshest_card_case,FRESHest!! トレカケース,山本龍人,2000,
FRESHEST_2026,ICEx,ICEx Fourth Concert Tour 2026 ''FRESHest!!'',freshest_card_case,FRESHest!! トレカケース,竹野世梛,2000,
FRESHEST_2026,ICEx,ICEx Fourth Concert Tour 2026 ''FRESHest!!'',freshest_card_case,FRESHest!! トレカケース,八神遼介,2000,
FRESHEST_2026,ICEx,ICEx Fourth Concert Tour 2026 ''FRESHest!!'',freshest_sticker_sheet,FRESHest!! ステッカーシート,,1000,
FRESHEST_2026,ICEx,ICEx Fourth Concert Tour 2026 ''FRESHest!!'',freshest_acrylic_stand,FRESHest!! アクリルスタンド,志賀李玖,1700,
FRESHEST_2026,ICEx,ICEx Fourth Concert Tour 2026 ''FRESHest!!'',freshest_acrylic_stand,FRESHest!! アクリルスタンド,中村旺太郎,1700,
FRESHEST_2026,ICEx,ICEx Fourth Concert Tour 2026 ''FRESHest!!'',freshest_acrylic_stand,FRESHest!! アクリルスタンド,阿久根温世,1700,
FRESHEST_2026,ICEx,ICEx Fourth Concert Tour 2026 ''FRESHest!!'',freshest_acrylic_stand,FRESHest!! アクリルスタンド,千田波空斗,1700,
FRESHEST_2026,ICEx,ICEx Fourth Concert Tour 2026 ''FRESHest!!'',freshest_acrylic_stand,FRESHest!! アクリルスタンド,筒井俊旭,1700,
FRESHEST_2026,ICEx,ICEx Fourth Concert Tour 2026 ''FRESHest!!'',freshest_acrylic_stand,FRESHest!! アクリルスタンド,山本龍人,1700,
FRESHEST_2026,ICEx,ICEx Fourth Concert Tour 2026 ''FRESHest!!'',freshest_acrylic_stand,FRESHest!! アクリルスタンド,竹野世梛,1700,
FRESHEST_2026,ICEx,ICEx Fourth Concert Tour 2026 ''FRESHest!!'',freshest_acrylic_stand,FRESHest!! アクリルスタンド,八神遼介,1700,
FRESHEST_2026,ICEx,ICEx Fourth Concert Tour 2026 ''FRESHest!!'',freshest_random_uchiwa_keychain,FRESHest!! ランダムうちわアクキー,,800,
FRESHEST_2026,ICEx,ICEx Fourth Concert Tour 2026 ''FRESHest!!'',freshest_random_trading_card,FRESHest!! ランダムトレカ,,500,
FRESHEST_2026,ICEx,ICEx Fourth Concert Tour 2026 ''FRESHest!!'',icex_penlight_ver4,ICEx Penlight ver.4,,3000,
FRESHEST_2026,ICEx,ICEx Fourth Concert Tour 2026 ''FRESHest!!'',photo_set_vol32,PHOTO SET vol.32,,1000,https://icex.jp/s3/skiyaki/uploads/ckeditor/pictures/876930/content_ICEx-%E7%94%9F%E5%86%99%E7%9C%9F%E3%82%BB%E3%83%83%E3%83%88-vol.32%E4%B8%80%E8%A6%A7.jpg
FRESHEST_2026,ICEx,ICEx Fourth Concert Tour 2026 ''FRESHest!!'',photo_set_vol33,PHOTO SET vol.33,,1000,https://icex.jp/s3/skiyaki/uploads/ckeditor/pictures/876926/content_ICEx-%E7%94%9F%E5%86%99%E7%9C%9F%E3%82%BB%E3%83%83%E3%83%88-vol.33%E4%B8%80%E8%A6%A7.jpg
FRESHEST_2026,ICEx,ICEx Fourth Concert Tour 2026 ''FRESHest!!'',freshest_pouch,FRESHest!! ポーチ,,3600,https://icex.jp/s3/skiyaki/uploads/ckeditor/pictures/876925/content_ICEx-FRESHest%E4%B8%80%E8%A6%A7_%E4%BC%9A%E5%A0%B4%E3%81%8B%E3%82%89_%E3%83%9B%E3%82%9A%E3%83%BC%E3%83%81_.jpg
FRESHEST_2026,ICEx,ICEx Fourth Concert Tour 2026 ''FRESHest!!'',icex_bokunchi_mini_pouch,ICEx BOKUNCHI Mini Pouch,,2800,
FRESHEST_2026,ICEx,ICEx Fourth Concert Tour 2026 ''FRESHest!!'',icex_fight_towel,ICEx Fight!! タオル,,2500,
FRESHEST_2026,ICEx,ICEx Fourth Concert Tour 2026 ''FRESHest!!'',random_acrylic_keyholder,ランダムアクリルキーホルダー,,800,
FRESHEST_2026,ICEx,ICEx Fourth Concert Tour 2026 ''FRESHest!!'',icex_route8_drawstring_bag,ICEx ROUTE-8 Drawstring Bag,,2300,
FRESHEST_2026,ICEx,ICEx Fourth Concert Tour 2026 ''FRESHest!!'',sutapii_sticker,すたぴぃのしーる,,600,https://icex.jp/s3/skiyaki/uploads/ckeditor/pictures/876929/content_S__181886980.jpg
