sales_session_id,item_id,variant
FRESHEST_AICHI_0821,photo_set_vol30,
FRESHEST_AICHI_0821,photo_set_vol31,
FRESHEST_AICHI_0821,freshest_tshirt,M
FRESHEST_AICHI_0821,freshest_tshirt,L
FRESHEST_AICHI_0821,freshest_face_towel,志賀李玖
FRESHEST_AICHI_0821,freshest_face_towel,中村旺太郎
FRESHEST_AICHI_0821,freshest_face_towel,阿久根温世
FRESHEST_AICHI_0821,freshest_face_towel,千田波空斗
FRESHEST_AICHI_0821,freshest_face_towel,筒井俊旭
FRESHEST_AICHI_0821,freshest_face_towel,山本龍人
FRESHEST_AICHI_0821,freshest_face_towel,竹野世梛
FRESHEST_AICHI_0821,freshest_face_towel,八神遼介
FRESHEST_AICHI_0821,freshest_uchiwa,志賀李玖
FRESHEST_AICHI_0821,freshest_uchiwa,中村旺太郎
FRESHEST_AICHI_0821,freshest_uchiwa,阿久根温世
FRESHEST_AICHI_0821,freshest_uchiwa,千田波空斗
FRESHEST_AICHI_0821,freshest_uchiwa,筒井俊旭
FRESHEST_AICHI_0821,freshest_uchiwa,山本龍人
FRESHEST_AICHI_0821,freshest_uchiwa,竹野世梛
FRESHEST_AICHI_0821,freshest_uchiwa,八神遼介
FRESHEST_AICHI_0821,freshest_mesh_tote,
FRESHEST_AICHI_0821,freshest_sticker_book,
FRESHEST_AICHI_0821,freshest_card_case,志賀李玖
FRESHEST_AICHI_0821,freshest_card_case,中村旺太郎
FRESHEST_AICHI_0821,freshest_card_case,阿久根温世
FRESHEST_AICHI_0821,freshest_card_case,千田波空斗
FRESHEST_AICHI_0821,freshest_card_case,筒井俊旭
FRESHEST_AICHI_0821,freshest_card_case,山本龍人
FRESHEST_AICHI_0821,freshest_card_case,竹野世梛
FRESHEST_AICHI_0821,freshest_card_case,八神遼介
FRESHEST_AICHI_0821,freshest_sticker_sheet,
FRESHEST_AICHI_0821,freshest_acrylic_stand,志賀李玖
FRESHEST_AICHI_0821,freshest_acrylic_stand,中村旺太郎
FRESHEST_AICHI_0821,freshest_acrylic_stand,阿久根温世
FRESHEST_AICHI_0821,freshest_acrylic_stand,千田波空斗
FRESHEST_AICHI_0821,freshest_acrylic_stand,筒井俊旭
FRESHEST_AICHI_0821,freshest_acrylic_stand,山本龍人
FRESHEST_AICHI_0821,freshest_acrylic_stand,竹野世梛
FRESHEST_AICHI_0821,freshest_acrylic_stand,八神遼介
FRESHEST_AICHI_0821,freshest_random_uchiwa_keychain,
FRESHEST_AICHI_0821,freshest_random_trading_card,
FRESHEST_AICHI_0821,icex_penlight_ver4,
FRESHEST_AICHI_0821,freshest_pouch,
FRESHEST_AICHI_0821,icex_bokunchi_mini_pouch,
FRESHEST_AICHI_0821,icex_fight_towel,
FRESHEST_AICHI_0821,random_acrylic_keyholder,
FRESHEST_AICHI_0821,icex_route8_drawstring_bag,
FRESHEST_AICHI_0822,photo_set_vol30,
FRESHEST_AICHI_0822,photo_set_vol31,
FRESHEST_AICHI_0822,freshest_tshirt,M
FRESHEST_AICHI_0822,freshest_tshirt,L
FRESHEST_AICHI_0822,freshest_face_towel,志賀李玖
FRESHEST_AICHI_0822,freshest_face_towel,中村旺太郎
FRESHEST_AICHI_0822,freshest_face_towel,阿久根温世
FRESHEST_AICHI_0822,freshest_face_towel,千田波空斗
FRESHEST_AICHI_0822,freshest_face_towel,筒井俊旭
FRESHEST_AICHI_0822,freshest_face_towel,山本龍人
FRESHEST_AICHI_0822,freshest_face_towel,竹野世梛
FRESHEST_AICHI_0822,freshest_face_towel,八神遼介
FRESHEST_AICHI_0822,freshest_uchiwa,志賀李玖
FRESHEST_AICHI_0822,freshest_uchiwa,中村旺太郎
FRESHEST_AICHI_0822,freshest_uchiwa,阿久根温世
FRESHEST_AICHI_0822,freshest_uchiwa,千田波空斗
FRESHEST_AICHI_0822,freshest_uchiwa,筒井俊旭
FRESHEST_AICHI_0822,freshest_uchiwa,山本龍人
FRESHEST_AICHI_0822,freshest_uchiwa,竹野世梛
FRESHEST_AICHI_0822,freshest_uchiwa,八神遼介
FRESHEST_AICHI_0822,freshest_mesh_tote,
FRESHEST_AICHI_0822,freshest_sticker_book,
FRESHEST_AICHI_0822,freshest_card_case,志賀李玖
FRESHEST_AICHI_0822,freshest_card_case,中村旺太郎
FRESHEST_AICHI_0822,freshest_card_case,阿久根温世
FRESHEST_AICHI_0822,freshest_card_case,千田波空斗
FRESHEST_AICHI_0822,freshest_card_case,筒井俊旭
FRESHEST_AICHI_0822,freshest_card_case,山本龍人
FRESHEST_AICHI_0822,freshest_card_case,竹野世梛
FRESHEST_AICHI_0822,freshest_card_case,八神遼介
FRESHEST_AICHI_0822,freshest_sticker_sheet,
FRESHEST_AICHI_0822,freshest_acrylic_stand,志賀李玖
FRESHEST_AICHI_0822,freshest_acrylic_stand,中村旺太郎
FRESHEST_AICHI_0822,freshest_acrylic_stand,阿久根温世
FRESHEST_AICHI_0822,freshest_acrylic_stand,千田波空斗
FRESHEST_AICHI_0822,freshest_acrylic_stand,筒井俊旭
FRESHEST_AICHI_0822,freshest_acrylic_stand,山本龍人
FRESHEST_AICHI_0822,freshest_acrylic_stand,竹野世梛
FRESHEST_AICHI_0822,freshest_acrylic_stand,八神遼介
FRESHEST_AICHI_0822,freshest_random_uchiwa_keychain,
FRESHEST_AICHI_0822,freshest_random_trading_card,
FRESHEST_AICHI_0822,icex_penlight_ver4,
FRESHEST_AICHI_0822,freshest_pouch,
FRESHEST_AICHI_0822,icex_bokunchi_mini_pouch,
FRESHEST_AICHI_0822,icex_fight_towel,
FRESHEST_AICHI_0822,random_acrylic_keyholder,
FRESHEST_AICHI_0822,icex_route8_drawstring_bag,
FRESHEST_FUKUOKA_0829,photo_set_vol30,
FRESHEST_FUKUOKA_0829,photo_set_vol31,
FRESHEST_FUKUOKA_0829,freshest_tshirt,M
FRESHEST_FUKUOKA_0829,freshest_tshirt,L
FRESHEST_FUKUOKA_0829,freshest_face_towel,志賀李玖
FRESHEST_FUKUOKA_0829,freshest_face_towel,中村旺太郎
FRESHEST_FUKUOKA_0829,freshest_face_towel,阿久根温世
FRESHEST_FUKUOKA_0829,freshest_face_towel,千田波空斗
FRESHEST_FUKUOKA_0829,freshest_face_towel,筒井俊旭
FRESHEST_FUKUOKA_0829,freshest_face_towel,山本龍人
FRESHEST_FUKUOKA_0829,freshest_face_towel,竹野世梛
FRESHEST_FUKUOKA_0829,freshest_face_towel,八神遼介
FRESHEST_FUKUOKA_0829,freshest_uchiwa,志賀李玖
FRESHEST_FUKUOKA_0829,freshest_uchiwa,中村旺太郎
FRESHEST_FUKUOKA_0829,freshest_uchiwa,阿久根温世
FRESHEST_FUKUOKA_0829,freshest_uchiwa,千田波空斗
FRESHEST_FUKUOKA_0829,freshest_uchiwa,筒井俊旭
FRESHEST_FUKUOKA_0829,freshest_uchiwa,山本龍人
FRESHEST_FUKUOKA_0829,freshest_uchiwa,竹野世梛
FRESHEST_FUKUOKA_0829,freshest_uchiwa,八神遼介
FRESHEST_FUKUOKA_0829,freshest_mesh_tote,
FRESHEST_FUKUOKA_0829,freshest_sticker_book,
FRESHEST_FUKUOKA_0829,freshest_card_case,志賀李玖
FRESHEST_FUKUOKA_0829,freshest_card_case,中村旺太郎
FRESHEST_FUKUOKA_0829,freshest_card_case,阿久根温世
FRESHEST_FUKUOKA_0829,freshest_card_case,千田波空斗
FRESHEST_FUKUOKA_0829,freshest_card_case,筒井俊旭
FRESHEST_FUKUOKA_0829,freshest_card_case,山本龍人
FRESHEST_FUKUOKA_0829,freshest_card_case,竹野世梛
FRESHEST_FUKUOKA_0829,freshest_card_case,八神遼介
FRESHEST_FUKUOKA_0829,freshest_sticker_sheet,
FRESHEST_FUKUOKA_0829,freshest_acrylic_stand,志賀李玖
FRESHEST_FUKUOKA_0829,freshest_acrylic_stand,中村旺太郎
FRESHEST_FUKUOKA_0829,freshest_acrylic_stand,阿久根温世
FRESHEST_FUKUOKA_0829,freshest_acrylic_stand,千田波空斗
FRESHEST_FUKUOKA_0829,freshest_acrylic_stand,筒井俊旭
FRESHEST_FUKUOKA_0829,freshest_acrylic_stand,山本龍人
FRESHEST_FUKUOKA_0829,freshest_acrylic_stand,竹野世梛
FRESHEST_FUKUOKA_0829,freshest_acrylic_stand,八神遼介
FRESHEST_FUKUOKA_0829,freshest_random_uchiwa_keychain,
FRESHEST_FUKUOKA_0829,freshest_random_trading_card,
FRESHEST_FUKUOKA_0829,icex_penlight_ver4,
FRESHEST_FUKUOKA_0829,freshest_pouch,
FRESHEST_FUKUOKA_0829,icex_bokunchi_mini_pouch,
FRESHEST_FUKUOKA_0829,icex_fight_towel,
FRESHEST_FUKUOKA_0829,random_acrylic_keyholder,
FRESHEST_FUKUOKA_0829,icex_route8_drawstring_bag,
FRESHEST_FUKUOKA_0830,photo_set_vol30,
FRESHEST_FUKUOKA_0830,photo_set_vol31,
FRESHEST_FUKUOKA_0830,freshest_tshirt,M
FRESHEST_FUKUOKA_0830,freshest_tshirt,L
FRESHEST_FUKUOKA_0830,freshest_face_towel,志賀李玖
FRESHEST_FUKUOKA_0830,freshest_face_towel,中村旺太郎
FRESHEST_FUKUOKA_0830,freshest_face_towel,阿久根温世
FRESHEST_FUKUOKA_0830,freshest_face_towel,千田波空斗
FRESHEST_FUKUOKA_0830,freshest_face_towel,筒井俊旭
FRESHEST_FUKUOKA_0830,freshest_face_towel,山本龍人
FRESHEST_FUKUOKA_0830,freshest_face_towel,竹野世梛
FRESHEST_FUKUOKA_0830,freshest_face_towel,八神遼介
FRESHEST_FUKUOKA_0830,freshest_uchiwa,志賀李玖
FRESHEST_FUKUOKA_0830,freshest_uchiwa,中村旺太郎
FRESHEST_FUKUOKA_0830,freshest_uchiwa,阿久根温世
FRESHEST_FUKUOKA_0830,freshest_uchiwa,千田波空斗
FRESHEST_FUKUOKA_0830,freshest_uchiwa,筒井俊旭
FRESHEST_FUKUOKA_0830,freshest_uchiwa,山本龍人
FRESHEST_FUKUOKA_0830,freshest_uchiwa,竹野世梛
FRESHEST_FUKUOKA_0830,freshest_uchiwa,八神遼介
FRESHEST_FUKUOKA_0830,freshest_mesh_tote,
FRESHEST_FUKUOKA_0830,freshest_sticker_book,
FRESHEST_FUKUOKA_0830,freshest_card_case,志賀李玖
FRESHEST_FUKUOKA_0830,freshest_card_case,中村旺太郎
FRESHEST_FUKUOKA_0830,freshest_card_case,阿久根温世
FRESHEST_FUKUOKA_0830,freshest_card_case,千田波空斗
FRESHEST_FUKUOKA_0830,freshest_card_case,筒井俊旭
FRESHEST_FUKUOKA_0830,freshest_card_case,山本龍人
FRESHEST_FUKUOKA_0830,freshest_card_case,竹野世梛
FRESHEST_FUKUOKA_0830,freshest_card_case,八神遼介
FRESHEST_FUKUOKA_0830,freshest_sticker_sheet,
FRESHEST_FUKUOKA_0830,freshest_acrylic_stand,志賀李玖
FRESHEST_FUKUOKA_0830,freshest_acrylic_stand,中村旺太郎
FRESHEST_FUKUOKA_0830,freshest_acrylic_stand,阿久根温世
FRESHEST_FUKUOKA_0830,freshest_acrylic_stand,千田波空斗
FRESHEST_FUKUOKA_0830,freshest_acrylic_stand,筒井俊旭
FRESHEST_FUKUOKA_0830,freshest_acrylic_stand,山本龍人
FRESHEST_FUKUOKA_0830,freshest_acrylic_stand,竹野世梛
FRESHEST_FUKUOKA_0830,freshest_acrylic_stand,八神遼介
FRESHEST_FUKUOKA_0830,freshest_random_uchiwa_keychain,
FRESHEST_FUKUOKA_0830,freshest_random_trading_card,
FRESHEST_FUKUOKA_0830,icex_penlight_ver4,
FRESHEST_FUKUOKA_0830,freshest_pouch,
FRESHEST_FUKUOKA_0830,icex_bokunchi_mini_pouch,
FRESHEST_FUKUOKA_0830,icex_fight_towel,
FRESHEST_FUKUOKA_0830,random_acrylic_keyholder,
FRESHEST_FUKUOKA_0830,icex_route8_drawstring_bag,
FRESHEST_OSAKA_0918,photo_set_vol30,
FRESHEST_OSAKA_0918,photo_set_vol31,
FRESHEST_OSAKA_0918,freshest_tshirt,M
FRESHEST_OSAKA_0918,freshest_tshirt,L
FRESHEST_OSAKA_0918,freshest_face_towel,志賀李玖
FRESHEST_OSAKA_0918,freshest_face_towel,中村旺太郎
FRESHEST_OSAKA_0918,freshest_face_towel,阿久根温世
FRESHEST_OSAKA_0918,freshest_face_towel,千田波空斗
FRESHEST_OSAKA_0918,freshest_face_towel,筒井俊旭
FRESHEST_OSAKA_0918,freshest_face_towel,山本龍人
FRESHEST_OSAKA_0918,freshest_face_towel,竹野世梛
FRESHEST_OSAKA_0918,freshest_face_towel,八神遼介
FRESHEST_OSAKA_0918,freshest_uchiwa,志賀李玖
FRESHEST_OSAKA_0918,freshest_uchiwa,中村旺太郎
FRESHEST_OSAKA_0918,freshest_uchiwa,阿久根温世
FRESHEST_OSAKA_0918,freshest_uchiwa,千田波空斗
FRESHEST_OSAKA_0918,freshest_uchiwa,筒井俊旭
FRESHEST_OSAKA_0918,freshest_uchiwa,山本龍人
FRESHEST_OSAKA_0918,freshest_uchiwa,竹野世梛
FRESHEST_OSAKA_0918,freshest_uchiwa,八神遼介
FRESHEST_OSAKA_0918,freshest_mesh_tote,
FRESHEST_OSAKA_0918,freshest_sticker_book,
FRESHEST_OSAKA_0918,freshest_card_case,志賀李玖
FRESHEST_OSAKA_0918,freshest_card_case,中村旺太郎
FRESHEST_OSAKA_0918,freshest_card_case,阿久根温世
FRESHEST_OSAKA_0918,freshest_card_case,千田波空斗
FRESHEST_OSAKA_0918,freshest_card_case,筒井俊旭
FRESHEST_OSAKA_0918,freshest_card_case,山本龍人
FRESHEST_OSAKA_0918,freshest_card_case,竹野世梛
FRESHEST_OSAKA_0918,freshest_card_case,八神遼介
FRESHEST_OSAKA_0918,freshest_sticker_sheet,
FRESHEST_OSAKA_0918,freshest_acrylic_stand,志賀李玖
FRESHEST_OSAKA_0918,freshest_acrylic_stand,中村旺太郎
FRESHEST_OSAKA_0918,freshest_acrylic_stand,阿久根温世
FRESHEST_OSAKA_0918,freshest_acrylic_stand,千田波空斗
FRESHEST_OSAKA_0918,freshest_acrylic_stand,筒井俊旭
FRESHEST_OSAKA_0918,freshest_acrylic_stand,山本龍人
FRESHEST_OSAKA_0918,freshest_acrylic_stand,竹野世梛
FRESHEST_OSAKA_0918,freshest_acrylic_stand,八神遼介
FRESHEST_OSAKA_0918,freshest_random_uchiwa_keychain,
FRESHEST_OSAKA_0918,freshest_random_trading_card,
FRESHEST_OSAKA_0918,icex_penlight_ver4,
FRESHEST_OSAKA_0918,freshest_pouch,
FRESHEST_OSAKA_0918,icex_bokunchi_mini_pouch,
FRESHEST_OSAKA_0918,icex_fight_towel,
FRESHEST_OSAKA_0918,random_acrylic_keyholder,
FRESHEST_OSAKA_0918,icex_route8_drawstring_bag,
FRESHEST_OSAKA_0918,sutapii_sticker,
FRESHEST_OSAKA_0919,photo_set_vol30,
FRESHEST_OSAKA_0919,photo_set_vol31,
FRESHEST_OSAKA_0919,freshest_tshirt,M
FRESHEST_OSAKA_0919,freshest_tshirt,L
FRESHEST_OSAKA_0919,freshest_face_towel,志賀李玖
FRESHEST_OSAKA_0919,freshest_face_towel,中村旺太郎
FRESHEST_OSAKA_0919,freshest_face_towel,阿久根温世
FRESHEST_OSAKA_0919,freshest_face_towel,千田波空斗
FRESHEST_OSAKA_0919,freshest_face_towel,筒井俊旭
FRESHEST_OSAKA_0919,freshest_face_towel,山本龍人
FRESHEST_OSAKA_0919,freshest_face_towel,竹野世梛
FRESHEST_OSAKA_0919,freshest_face_towel,八神遼介
FRESHEST_OSAKA_0919,freshest_uchiwa,志賀李玖
FRESHEST_OSAKA_0919,freshest_uchiwa,中村旺太郎
FRESHEST_OSAKA_0919,freshest_uchiwa,阿久根温世
FRESHEST_OSAKA_0919,freshest_uchiwa,千田波空斗
FRESHEST_OSAKA_0919,freshest_uchiwa,筒井俊旭
FRESHEST_OSAKA_0919,freshest_uchiwa,山本龍人
FRESHEST_OSAKA_0919,freshest_uchiwa,竹野世梛
FRESHEST_OSAKA_0919,freshest_uchiwa,八神遼介
FRESHEST_OSAKA_0919,freshest_mesh_tote,
FRESHEST_OSAKA_0919,freshest_sticker_book,
FRESHEST_OSAKA_0919,freshest_card_case,志賀李玖
FRESHEST_OSAKA_0919,freshest_card_case,中村旺太郎
FRESHEST_OSAKA_0919,freshest_card_case,阿久根温世
FRESHEST_OSAKA_0919,freshest_card_case,千田波空斗
FRESHEST_OSAKA_0919,freshest_card_case,筒井俊旭
FRESHEST_OSAKA_0919,freshest_card_case,山本龍人
FRESHEST_OSAKA_0919,freshest_card_case,竹野世梛
FRESHEST_OSAKA_0919,freshest_card_case,八神遼介
FRESHEST_OSAKA_0919,freshest_sticker_sheet,
FRESHEST_OSAKA_0919,freshest_acrylic_stand,志賀李玖
FRESHEST_OSAKA_0919,freshest_acrylic_stand,中村旺太郎
FRESHEST_OSAKA_0919,freshest_acrylic_stand,阿久根温世
FRESHEST_OSAKA_0919,freshest_acrylic_stand,千田波空斗
FRESHEST_OSAKA_0919,freshest_acrylic_stand,筒井俊旭
FRESHEST_OSAKA_0919,freshest_acrylic_stand,山本龍人
FRESHEST_OSAKA_0919,freshest_acrylic_stand,竹野世梛
FRESHEST_OSAKA_0919,freshest_acrylic_stand,八神遼介
FRESHEST_OSAKA_0919,freshest_random_uchiwa_keychain,
FRESHEST_OSAKA_0919,freshest_random_trading_card,
FRESHEST_OSAKA_0919,icex_penlight_ver4,
FRESHEST_OSAKA_0919,freshest_pouch,
FRESHEST_OSAKA_0919,icex_bokunchi_mini_pouch,
FRESHEST_OSAKA_0919,icex_fight_towel,
FRESHEST_OSAKA_0919,random_acrylic_keyholder,
FRESHEST_OSAKA_0919,icex_route8_drawstring_bag,
FRESHEST_OSAKA_0919,sutapii_sticker,
FRESHEST_TOKYO_0923,photo_set_vol30,
FRESHEST_TOKYO_0923,photo_set_vol31,
FRESHEST_TOKYO_0923,freshest_tshirt,M
FRESHEST_TOKYO_0923,freshest_tshirt,L
FRESHEST_TOKYO_0923,freshest_face_towel,志賀李玖
FRESHEST_TOKYO_0923,freshest_face_towel,中村旺太郎
FRESHEST_TOKYO_0923,freshest_face_towel,阿久根温世
FRESHEST_TOKYO_0923,freshest_face_towel,千田波空斗
FRESHEST_TOKYO_0923,freshest_face_towel,筒井俊旭
FRESHEST_TOKYO_0923,freshest_face_towel,山本龍人
FRESHEST_TOKYO_0923,freshest_face_towel,竹野世梛
FRESHEST_TOKYO_0923,freshest_face_towel,八神遼介
FRESHEST_TOKYO_0923,freshest_uchiwa,志賀李玖
FRESHEST_TOKYO_0923,freshest_uchiwa,中村旺太郎
FRESHEST_TOKYO_0923,freshest_uchiwa,阿久根温世
FRESHEST_TOKYO_0923,freshest_uchiwa,千田波空斗
FRESHEST_TOKYO_0923,freshest_uchiwa,筒井俊旭
FRESHEST_TOKYO_0923,freshest_uchiwa,山本龍人
FRESHEST_TOKYO_0923,freshest_uchiwa,竹野世梛
FRESHEST_TOKYO_0923,freshest_uchiwa,八神遼介
FRESHEST_TOKYO_0923,freshest_mesh_tote,
FRESHEST_TOKYO_0923,freshest_sticker_book,
FRESHEST_TOKYO_0923,freshest_card_case,志賀李玖
FRESHEST_TOKYO_0923,freshest_card_case,中村旺太郎
FRESHEST_TOKYO_0923,freshest_card_case,阿久根温世
FRESHEST_TOKYO_0923,freshest_card_case,千田波空斗
FRESHEST_TOKYO_0923,freshest_card_case,筒井俊旭
FRESHEST_TOKYO_0923,freshest_card_case,山本龍人
FRESHEST_TOKYO_0923,freshest_card_case,竹野世梛
FRESHEST_TOKYO_0923,freshest_card_case,八神遼介
FRESHEST_TOKYO_0923,freshest_sticker_sheet,
FRESHEST_TOKYO_0923,freshest_acrylic_stand,志賀李玖
FRESHEST_TOKYO_0923,freshest_acrylic_stand,中村旺太郎
FRESHEST_TOKYO_0923,freshest_acrylic_stand,阿久根温世
FRESHEST_TOKYO_0923,freshest_acrylic_stand,千田波空斗
FRESHEST_TOKYO_0923,freshest_acrylic_stand,筒井俊旭
FRESHEST_TOKYO_0923,freshest_acrylic_stand,山本龍人
FRESHEST_TOKYO_0923,freshest_acrylic_stand,竹野世梛
FRESHEST_TOKYO_0923,freshest_acrylic_stand,八神遼介
FRESHEST_TOKYO_0923,freshest_random_uchiwa_keychain,
FRESHEST_TOKYO_0923,freshest_random_trading_card,
FRESHEST_TOKYO_0923,icex_penlight_ver4,
FRESHEST_TOKYO_0923,photo_set_vol32,
FRESHEST_TOKYO_0923,photo_set_vol33,
FRESHEST_TOKYO_0923,freshest_pouch,
FRESHEST_TOKYO_0923,icex_bokunchi_mini_pouch,
FRESHEST_TOKYO_0923,icex_fight_towel,
FRESHEST_TOKYO_0923,random_acrylic_keyholder,
FRESHEST_TOKYO_0923,icex_route8_drawstring_bag,
FRESHEST_TOKYO_0923,sutapii_sticker,
